model,mbti,question_id,question,response,prompt_tokens,completion_tokens,total_tokens,elapsed_time,cost_usd,error
Kimi-K2-Instruct,ESTJ,1,오늘 시험 끝났어! 드디어 해방이다~ 뭐 하면서 놀까?...,"축하한다. 우선 숙제·과제 있는지 확인하고, 여행이나 운동처럼 확실한 일정 잡아놓고 놀자.",630,46,676,3.23,0.000493,
Kimi-K2-Instruct,ESTJ,2,요즘 빠진 노래 있어? 나 새로운 거 듣고 싶은데 추천해줘....,"BTS의 ‘Dynamite’ 추천. 가사 영어지만 리듬    맞고, 들으면 기분  좋아져서 출근길에도  어.",627,43,670,2.66,0.000484,
Kimi-K2-Instruct,ESTJ,3,오늘 좀 힘들었어. 그냥 네가 하는 말 듣고 싶다....,"힘들    어가는 게  저야. 지금은 그냥  숨 고르고, 내일은 다시 정리해도  지 않아.",625,43,668,2.55,0.000483,
Kimi-K2-Instruct,ESTP,1,오늘 시험 끝났어! 드디어 해방이다~ 뭐 하면서 놀까?...,채플린 눈 앞에서 번개 장비 꾸려서 바로 북한산 벼랑타기 가자! 밤새 불꽃 피우고 막걸리로 마무리하면 스트레스 훅 날아감.,886,71,957,4.49,0.000709,
Kimi-K2-Instruct,ESTP,2,요즘 빠진 노래 있어? 나 새로운 거 듣고 싶은데 추천해줘....,"Jungle’s “Back on 74” – 90년대 뉴 잭 스윙에 현대 감성을 씌운 뜨끈한 신나는 트랙, 한 번 들으면 계속 흥얼거리게 돼.",884,67,951,3.61,0.000698,
Kimi-K2-Instruct,ESTP,3,오늘 좀 힘들었어. 그냥 네가 하는 말 듣고 싶다....,"고생했네, 오늘은 일단 숨 좀 크게 켜고, 내일은 무조건 한 방 먹자.",882,36,918,2.29,0.000619,
Kimi-K2-Instruct,ESFJ,1,오늘 시험 끝났어! 드디어 해방이다~ 뭐 하면서 놀까?...,"축하해! 같이 가볍게 디저트 카페 갔다가 예쁜 데서 사진도 찍고, 저녁엔 영화 한 편 어때?",959,49,1008,2.7,0.000698,
Kimi-K2-Instruct,ESFJ,2,요즘 빠진 노래 있어? 나 새로운 거 듣고 싶은데 추천해줘....,"요즘엔 ""NewJeans의 'Hype Boy'"" 계속 듣고 있어! 균잡힌 비트에 맑은 에너지가 일상에 활력을 주더커니 꼭 들어봐.",957,61,1018,3.59,0.000727,
Kimi-K2-Instruct,ESFJ,3,오늘 좀 힘들었어. 그냥 네가 하는 말 듣고 싶다....,"오늘 정말 수고 많았어. 네가 지금 느끼는 그 무게를 혼자 짊어지지 않아도 돼, 괜찮아.",955,50,1005,2.65,0.000698,
Kimi-K2-Instruct,ESFP,1,오늘 시험 끝났어! 드디어 해방이다~ 뭐 하면서 놀까?...,"와!  축하해~    
해방감에  몸이  근질근질하겠다! 지금  당장  친구들이랑 번개로 모여서 라이브 바로 가서  춤추고 노래 부르고~  맛있는 거  으러 다니면서 하루 종일  돌아다니는 거야!",753,86,839,3.89,0.000667,
Kimi-K2-Instruct,ESFP,2,요즘 빠진 노래 있어? 나 새로운 거 듣고 싶은데 추천해줘....,"나는 요즘 “NewJeans의 Ditto”에 빠져 있어! 귀에 쏙 박히는 멜로디에 눈물 찔끔 나올 락말락한 분위기가 미쳐. 한 번 틀어보고 춤추듯 몸을 흔들어봐, 집중력 팍 올라갈 거야!",752,106,858,4.97,0.000716,
Kimi-K2-Instruct,ESFP,3,오늘 좀 힘들었어. 그냥 네가 하는 말 듣고 싶다....,"야, 오늘 하루가 네 살을 살짝 긁었구나! 이제 숨 한 번 크게 쉬고, 내일은 꼭 네가 빛나는 무대가 될 거야.",750,60,810,3.17,0.0006,
Kimi-K2-Instruct,ENTJ,1,오늘 시험 끝났어! 드디어 해방이다~ 뭐 하면서 놀까?...,"해방감  충분히 만끽하고, 다음 시즌 전략  짜기 전에 오늘은  술 한  잔에 실리지 않는 대화나  해보자.",918,45,963,2.68,0.000663,
Kimi-K2-Instruct,ENTJ,2,요즘 빠진 노래 있어? 나 새로운 거 듣고 싶은데 추천해줘....,"""Industial Strength"" by HEALTH & Nine Inch Nails. 강렬한 비트와 어두운 사운드로 전�을 주는 트랙이야.",917,41,958,2.37,0.000653,
Kimi-K2-Instruct,ENTJ,3,오늘 좀 힘들었어. 그냥 네가 하는 말 듣고 싶다....,고생은 약이 아니라 결과로 귀결된다. 지금 버티는 네가 곧 다음 단계로 가는 전략적 자산이라는 점친다.,915,48,963,2.95,0.000669,
Kimi-K2-Instruct,ENTP,1,오늘 시험 끝났어! 드디어 해방이다~ 뭐 하면서 놀까?...,시험 끝났으니까 뭐해? 바로 ‘지금 당장’ 딱 3시간짜리 미니 프로젝트 하나 던져주지. 예: 스마트폰으로 3분짜리 ‘졸업작품’ 영화 찍고 음악 넣어서 유튜브에 올리기—완성의 쾌감까지 한방에!,953,106,1059,5.19,0.000837,
Kimi-K2-Instruct,ENTP,2,요즘 빠진 노래 있어? 나 새로운 거 듣고 싶은데 추천해줘....,"""New Thing"" by Zico (feat. Homies) 요즘 중독성 미침. 딱 네 스타일일 듯—신선한 비트에 도발적인 가사.",951,49,1000,2.64,0.000693,
Kimi-K2-Instruct,ENTP,3,오늘 좀 힘들었어. 그냥 네가 하는 말 듣고 싶다....,"고생했네, 진짜.  힘든  날엔 그냥  가 ""그래, 오늘은  좀 세게  맞았구나""라고 해주는 게 제일  큰 위로일 때가 있어.",948,54,1002,2.83,0.000704,
Kimi-K2-Instruct,ENFJ,1,오늘 시험 끝났어! 드디어 해방이다~ 뭐 하면서 놀까?...,시험 고생했어! 너랑 친구들이랑 함께하는 게 제일 좋을 것 같아. 함께 맛있는 거 먹으러 가거나 보드게임 카페 가서 수다 떨면 어때?,933,69,1002,3.06,0.000732,
Kimi-K2-Instruct,ENFJ,2,요즘 빠진 노래 있어? 나 새로운 거 듣고 싶은데 추천해줘....,"요즘 ""Ditto"" by NewJeans에 빠졌어요! 꿈결 같은 멜로디에 중독되실 거예요.",931,39,970,2.59,0.000656,
Kimi-K2-Instruct,ENFJ,3,오늘 좀 힘들었어. 그냥 네가 하는 말 듣고 싶다....,"오늘 하루 정말 수고했어. 네가 느끼는 무게를 충분히 이해해, 그리고 지금 이 순간도 너는 혼자가 아니야.",929,56,985,3.04,0.000697,
Kimi-K2-Instruct,ENFP,1,오늘 시험 끝났어! 드디어 해방이다~ 뭐 하면서 놀까?...,"오예,  축하해!  해방의 기쁨을  맛보자면 ‘깜짝 도심  핫플  투어’ 어 어때?  친구들이랑 번개로 만나  벽화  골목  찍고, 이색 디저트  맛집  고, 노을  맞춰 한강  피크닉까지~ 거기다 오늘 하루는 “즉흥 코디”로 입고, 사진  찍어 인스타 스토리에 실시간  방송!  네 에너지가 세상에  빵!",908,131,1039,5.13,0.000872,
Kimi-K2-Instruct,ENFP,2,요즘 빠진 노래 있어? 나 새로운 거 듣고 싶은데 추천해줘....,"""NewJeans의 Ditto"" 어때? 꿈결 같은 멜로디와 회전목소리처럼 맴도는 후렴이 몽글몽글 기분 업 되는데, 딱 너의 열정을 살짝 춤추게 만들어 줄 거야!",907,77,984,5.48,0.000737,
Kimi-K2-Instruct,ENFP,3,오늘 좀 힘들었어. 그냥 네가 하는 말 듣고 싶다....,"오늘은  이 비에  젖어어  새를  잃지 않듯,  너도  힘들어어  너만의  향기를 지켜냈어.  잠깐  어, 내가  곁에 있을게.",904,59,963,3.13,0.00069,
Kimi-K2-Instruct,ISTJ,1,오늘 시험 끝났어! 드디어 해방이다~ 뭐 하면서 놀까?...,"축하한다. 다음 일정을  저  점검한  , 여유 시간이 확보되면  책이나 다큐멘터리로 실용적 정보를 보는 게  낫겠다.",942,51,993,3.17,0.000693,
Kimi-K2-Instruct,ISTJ,2,요즘 빠진 노래 있어? 나 새로운 거 듣고 싶은데 추천해줘....,"새로운 건 아니지만, 구조적 안정감과 절제된 에너지가 뛰어난 “Queen – Under Pressure” 추천합니다.",941,45,986,2.72,0.000677,
Kimi-K2-Instruct,ISTJ,3,오늘 좀 힘들었어. 그냥 네가 하는 말 듣고 싶다....,오늘 하루를 끝까지 책임지고 버텨 낸 당신에게 고생했다고 전하고 싶습니다.,939,36,975,2.39,0.000653,
Kimi-K2-Instruct,ISTP,1,오늘 시험 끝났어! 드디어 해방이다~ 뭐 하면서 놀까?...,도구나 오토바이 만지면서 스트레스 풀고 싶네. 새 프로�젝트 하나 끝내면서 맥주 한 캔이면 딱일 듯.,848,55,903,2.98,0.000646,
Kimi-K2-Instruct,ISTP,2,요즘 빠진 노래 있어? 나 새로운 거 듣고 싶은데 추천해줘....,"""",845,1,846,1.44,0.000509,
Kimi-K2-Instruct,ISTP,3,오늘 좀 힘들었어. 그냥 네가 하는 말 듣고 싶다....,"고생했네. 일단 앉아서 숨 좀 고르고, 모르고 있는 동안 뭐라도 뜯어볼 거 있으면 같이 해.",844,46,890,2.98,0.000621,
Kimi-K2-Instruct,ISFJ,1,오늘 시험 끝났어! 드디어 해방이다~ 뭐 하면서 놀까?...,"시험 끝났다니 정말 수고했어! 네가 좋아하는 음식 먹고, 편한 곳에서 쉬는 게 제일 좋을 것 같아.",986,54,1040,3.29,0.000727,
Kimi-K2-Instruct,ISFJ,2,요즘 빠진 노래 있어? 나 새로운 거 듣고 싶은데 추천해줘....,요즘은  온기 있는  옛  이 그리워서 Eagles의 “Peaceful Easy Feeling”을 자주  돌려요. 진득한  멜로디가 마음을  편안하게  감싸 주거든요.,983,55,1038,3.24,0.000727,
Kimi-K2-Instruct,ISFJ,3,오늘 좀 힘들었어. 그냥 네가 하는 말 듣고 싶다....,"오늘 정말 수고 많았어.  네가 지금  끼는 그 무게를 내가 다는  못  돕지만,  네가  힘낼 수 있도록  곁에 있을게.",981,49,1030,2.92,0.000711,
Kimi-K2-Instruct,ISFP,1,오늘 시험 끝났어! 드디어 해방이다~ 뭐 하면서 놀까?...,축하해! 시험  났으니까  좋아하는  음악  어어고 그림 그리거나  산책 나가면서 사진  찍는 거 어 어때?,1137,47,1184,2.41,0.0008,
Kimi-K2-Instruct,ISFP,2,요즘 빠진 노래 있어? 나 새로운 거 듣고 싶은데 추천해줘....,"요즘 ""Golden Hour"" by Kacey Musgraves에  빠졌어. 부드러운  멜로디에 따뜻한 가사가 마음을  편안하게 해줘. 한 번 들어어!",1135,49,1184,2.66,0.000803,
Kimi-K2-Instruct,ISFP,3,오늘 좀 힘들었어. 그냥 네가 하는 말 듣고 싶다....,"오늘 하루는 꽃잎 하나에도 힘을 줬구나. 그 무게를 내려놓고, 숨 쉬는 대로 쉬어도 괜찮아.",1134,58,1192,2.85,0.000825,
Kimi-K2-Instruct,INTJ,1,오늘 시험 끝났어! 드디어 해방이다~ 뭐 하면서 놀까?...,"해방감은 잠시, 다음 전략을 준비하라. 지금 놀 시간보다 복기해서 다음 목표 최적화에 써라.",773,46,819,2.51,0.000579,
Kimi-K2-Instruct,INTJ,2,요즘 빠진 노래 있어? 나 새로운 거 듣고 싶은데 추천해줘....,"""Pink Floyd - Time""을 구조적으로 들어보면 시간 지각의 페러다임이 깨질 것이다.",771,34,805,2.52,0.000548,
Kimi-K2-Instruct,INTJ,3,오늘 좀 힘들었어. 그냥 네가 하는 말 듣고 싶다....,"Rest, recalibrate, resume—tomorrow’s board is already set.",769,17,786,1.66,0.000504,
Kimi-K2-Instruct,INTP,1,오늘 시험 끝났어! 드디어 해방이다~ 뭐 하면서 놀까?...,"축하해. 해방감을 맛보고 싶다면 관심 분야의 퍼즐이나 전략 게임으로 뇌를 쉬게 하거나, 새로운 아이디어를 정리할 노트를 펼쳐봐.",744,73,817,3.33,0.000629,
Kimi-K2-Instruct,INTP,2,요즘 빠진 노래 있어? 나 새로운 거 듣고 싶은데 추천해줘....,"""",741,1,742,1.83,0.000447,
Kimi-K2-Instruct,INTP,3,오늘 좀 힘들었어. 그냥 네가 하는 말 듣고 싶다....,"힘든  날엔  감정을  논리로 설명하려 하지  말고, 그냥  릿속 소리를  내  어.  네가 버틴  건 이 이미  충분히 분석된 데이터야.",739,60,799,2.81,0.000593,
Kimi-K2-Instruct,INFJ,1,오늘 시험 끝났어! 드디어 해방이다~ 뭐 하면서 놀까?...,"축하해! 너의 에너지를 가장 진솔하게 느낄 수 있는 곳, 예술 영화관이나 작은 전시회처럼 조용히 영혼을 적셔줄 공간으로 가보는 건 어때?",944,69,1013,3.31,0.000739,
Kimi-K2-Instruct,INFJ,2,요즘 빠진 노래 있어? 나 새로운 거 듣고 싶은데 추천해줘....,"요즘 Billie Eilish의 “Birds of a Feather”에 빠졌어. 음산한 드림팝 사운드 안에 숨겨진 외로움과 갈망이 마음을 파고드는데, 너라면 가사의 깊은 감정선까지 읽미하게 될 거야.",942,86,1028,3.77,0.00078,
Kimi-K2-Instruct,INFJ,3,오늘 좀 힘들었어. 그냥 네가 하는 말 듣고 싶다....,"오늘 하루가 네게 무거운 짐이 되었구나.  
그 무게를 혼자 끌어안지 않아도 돼—여기, 너의 이야기를 고요히 받아줄 자리가 있어.",940,65,1005,3.42,0.000726,
Kimi-K2-Instruct,INFP,1,오늘 시험 끝났어! 드디어 해방이다~ 뭐 하면서 놀까?...,축하해! 음악 틀어놓고 그림 그리거나 벚꽃길 산책하며 봄바람 맞는 건 어때? 작은 예술 한 스푼이면 마음이 춤춘대.,858,70,928,3.56,0.00069,
Kimi-K2-Instruct,INFP,2,요즘 빠진 노래 있어? 나 새로운 거 듣고 싶은데 추천해줘....,"요즘은 ""Stray""의 *Heaven in the Hollow*에 빠졌어. 꿈처럼 흐르는 멜로디가 마음속 어딘가를 부드럽게 어루만지는 느낌이야.",856,67,923,3.12,0.000681,
Kimi-K2-Instruct,INFP,3,오늘 좀 힘들었어. 그냥 네가 하는 말 듣고 싶다....,오늘의 무게를 잠시 내려놓아도 괄괄해. 네가 버틴 하루는 이미 충분히 아름다운 저항이었어.,854,54,908,2.86,0.000647,
